"type","id","plan_id","label","x","y","width","height","area_m2","path_or_viewbox"
"zone","red","","Bloque Rojo","167","173","","","","M45 135H290V460H45Z"
"zone","yellow","","Bloque Amarillo","603","173","","","","M455 135H750V460H455Z"
"zone","green","","Bloque Verde","1048","173","","","","M920 150L1175 178V460H920Z"
"plan","red-lower","red-lower","Internacional I","625","460","","","","0 90 800 630"
"plan","red-upper","red-upper","Internacional II","640","545","","","","10 120 805 635"
"plan","yellow-lower","yellow-lower","Pabellon La Paz","188","490","","","","10 110 1090 620"
"plan","yellow-upper","yellow-upper","Pabellon Bolivia","228","521","","","","20 110 1090 625"
"plan","green-upper","green-upper","Pabellon Americano","199","511","","","","0 110 1125 640"
"plan","entrance","entrance","Plaza Akapana","321","638","","","","0 100 565 655"
"plan","food-court","food-court","Patio de comidas","311","704","","","","0 130 640 620"
"stand","red-lower-9","red-lower","9","21","138","65","34","",""
"stand","red-lower-8","red-lower","8","86","138","65","34","",""
"stand","red-lower-7","red-lower","7","151","138","65","34","",""
"stand","red-lower-6","red-lower","6","216","138","49","34","",""
"stand","red-lower-5","red-lower","5","265","138","65","34","",""
"stand","red-lower-4","red-lower","4","364","138","65","34","",""
"stand","red-lower-3","red-lower","3","429","138","49","34","",""
"stand","red-lower-2","red-lower","2","478","138","65","34","",""
"stand","red-lower-1","red-lower","1","543","138","65","34","",""
"stand","red-lower-10","red-lower","10","21","204","33","49","13.5",""
"stand","red-lower-11","red-lower","11","21","253","33","49","13.5",""
"stand","red-lower-49","red-lower","49","87","204","98","65","54",""
"stand","red-lower-48","red-lower","48","185","204","65","32.5","18",""
"stand","red-lower-47","red-lower","47","185","236.5","65","32.5","18",""
"stand","red-lower-46","red-lower","46","250","204","65","65","36",""
"stand","red-lower-45","red-lower","45","315","204","65","32.5","18",""
"stand","red-lower-43","red-lower","43","380","204","65","32.5","18",""
"stand","red-lower-41","red-lower","41","445","204","65","32.5","18",""
"stand","red-lower-44","red-lower","44","315","236.5","65","32.5","18",""
"stand","red-lower-42","red-lower","42","380","236.5","65","32.5","18",""
"stand","red-lower-40","red-lower","40","445","236.5","65","32.5","18",""
"stand","red-lower-39","red-lower","39","510","204","93","65","51",""
"stand","red-lower-38","red-lower","38","510","269","93","81","63.75",""
"stand","red-lower-37","red-lower","37","510","350","93","81","63.75",""
"stand","red-lower-12","red-lower","12","21","302","98","97","",""
"stand","red-lower-13","red-lower","13","119","302","87","97","",""
"stand","red-lower-14","red-lower","14","206","302","98","97","",""
"stand","red-lower-15","red-lower","15","304","302","87","97","",""
"stand","red-lower-16","red-lower","16","391","302","85","97","",""
"stand","red-lower-17","red-lower","17","21","400","33","65","",""
"stand","red-lower-18","red-lower","18","21","465","33","33","",""
"stand","red-lower-27","red-lower","27","87","432","65","65","36",""
"stand","red-lower-28","red-lower","28","152","432","65","32.5","",""
"stand","red-lower-30","red-lower","30","217","432","33","32.5","",""
"stand","red-lower-32","red-lower","32","250","432","65","32.5","",""
"stand","red-lower-29","red-lower","29","152","464.5","65","32.5","",""
"stand","red-lower-31","red-lower","31","217","464.5","33","32.5","",""
"stand","red-lower-33","red-lower","33","250","464.5","65","32.5","",""
"stand","red-lower-34","red-lower","34","315","432","119","65","",""
"stand","red-lower-35","red-lower","35","434","432","76","65","",""
"stand","red-lower-36","red-lower","36","510","432","93","65","",""
"stand","red-lower-19","red-lower","19","21","531","65","65","",""
"stand","red-lower-20","red-lower","20","86","531","65","65","",""
"stand","red-lower-21","red-lower","21","151","531","65","65","",""
"stand","red-lower-22","red-lower","22","216","531","65","65","",""
"stand","red-lower-23","red-lower","23","281","531","65","65","",""
"stand","red-lower-24","red-lower","24","346","531","65","65","",""
"stand","red-lower-25","red-lower","25","411","531","65","65","",""
"stand","red-lower-26","red-lower","26","476","531","127","65","",""
"stand","red-lower-R1","red-lower","R1","657","240","110","64","63",""
"stand","red-lower-R2","red-lower","R2","648","499","115","65","63",""
"stand","red-upper-68","red-upper","68","28","169","66","35","",""
"stand","red-upper-69","red-upper","69","94","169","66","35","",""
"stand","red-upper-70","red-upper","70","160","169","50","35","",""
"stand","red-upper-71","red-upper","71","210","169","66","35","",""
"stand","red-upper-72","red-upper","72","276","169","66","35","",""
"stand","red-upper-73","red-upper","73","376","169","66","35","",""
"stand","red-upper-74","red-upper","74","442","169","50","35","",""
"stand","red-upper-75","red-upper","75","492","169","66","35","",""
"stand","red-upper-76","red-upper","76","558","169","66","35","",""
"stand","red-upper-67","red-upper","67","28","236","34","49","13.5",""
"stand","red-upper-66","red-upper","66","28","285","34","49","13.5",""
"stand","red-upper-77","red-upper","77","94","236","67","67","36",""
"stand","red-upper-78","red-upper","78","161","236","33","33.5","9",""
"stand","red-upper-79","red-upper","79","161","269.5","33","33.5","9",""
"stand","red-upper-81","red-upper","81","194","236","66.4","33.5","18",""
"stand","red-upper-83","red-upper","83","260.4","236","66.4","33.5","18",""
"stand","red-upper-85","red-upper","85","326.79999999999995","236","66.4","33.5","18",""
"stand","red-upper-87","red-upper","87","393.19999999999993","236","66.4","33.5","18",""
"stand","red-upper-89","red-upper","89","459.5999999999999","236","66.4","33.5","18",""
"stand","red-upper-80","red-upper","80","194","269.5","66.4","33.5","18",""
"stand","red-upper-82","red-upper","82","260.4","269.5","66.4","33.5","18",""
"stand","red-upper-84","red-upper","84","326.79999999999995","269.5","66.4","33.5","18",""
"stand","red-upper-86","red-upper","86","393.19999999999993","269.5","66.4","33.5","18",""
"stand","red-upper-88","red-upper","88","459.5999999999999","269.5","66.4","33.5","18",""
"stand","red-upper-90","red-upper","90","526","236","94","67","",""
"stand","red-upper-91","red-upper","91","526","303","94","66","",""
"stand","red-upper-92","red-upper","92","526","369","94","94","",""
"stand","red-upper-93","red-upper","93","526","463","94","67","",""
"stand","red-upper-61","red-upper","61","28","335","100","94","",""
"stand","red-upper-62","red-upper","62","128","335","89","94","",""
"stand","red-upper-63","red-upper","63","217","335","88","94","",""
"stand","red-upper-64","red-upper","64","305","335","88","94","",""
"stand","red-upper-65","red-upper","65","393","335","100","94","",""
"stand","red-upper-60","red-upper","60","28","439","34","49","13.5",""
"stand","red-upper-59","red-upper","59","28","488","34","49","13.5",""
"stand","red-upper-106","red-upper","106","94","462","67","68","36",""
"stand","red-upper-104","red-upper","104","161","462","33","34","9",""
"stand","red-upper-105","red-upper","105","161","496","33","34","9",""
"stand","red-upper-102","red-upper","102","194","462","66.4","34","18",""
"stand","red-upper-100","red-upper","100","260.4","462","66.4","34","18",""
"stand","red-upper-98","red-upper","98","326.79999999999995","462","66.4","34","18",""
"stand","red-upper-96","red-upper","96","393.19999999999993","462","66.4","34","18",""
"stand","red-upper-94","red-upper","94","459.5999999999999","462","66.4","34","18",""
"stand","red-upper-103","red-upper","103","194","496","66.4","34","18",""
"stand","red-upper-101","red-upper","101","260.4","496","66.4","34","18",""
"stand","red-upper-99","red-upper","99","326.79999999999995","496","66.4","34","18",""
"stand","red-upper-97","red-upper","97","393.19999999999993","496","66.4","34","18",""
"stand","red-upper-95","red-upper","95","459.5999999999999","496","66.4","34","18",""
"stand","red-upper-58","red-upper","58","28","562","66","34","",""
"stand","red-upper-57","red-upper","57","94","562","83","34","",""
"stand","red-upper-56","red-upper","56","177","562","66","34","",""
"stand","red-upper-55","red-upper","55","243","562","66","34","",""
"stand","red-upper-54","red-upper","54","309","562","66","34","",""
"stand","red-upper-53","red-upper","53","375","562","66","34","",""
"stand","red-upper-52","red-upper","52","441","562","66","34","",""
"stand","red-upper-51","red-upper","51","507","562","66","34","",""
"stand","red-upper-50","red-upper","50","573","562","66","34","",""
"stand","red-upper-107","red-upper","107","660","272","68","73","",""
"stand","red-upper-108","red-upper","108","660","345","68","55","",""
"stand","red-upper-109","red-upper","109","660","400","68","110","",""
"stand","red-upper-110","red-upper","110","729","512","63","88","46.4",""
"stand","yellow-lower-86","yellow-lower","86","210","164","35","42","9",""
"stand","yellow-lower-85","yellow-lower","85","245","164","35","42","9",""
"stand","yellow-lower-84","yellow-lower","84","280","164","35","42","9",""
"stand","yellow-lower-83","yellow-lower","83","315","164","35","42","9",""
"stand","yellow-lower-69","yellow-lower","69","350","164","69","81","42",""
"stand","yellow-lower-68","yellow-lower","68","419","164","69","42","",""
"stand","yellow-lower-67","yellow-lower","67","488","164","53","42","",""
"stand","yellow-lower-53","yellow-lower","53","592","164","69","81","46.5",""
"stand","yellow-lower-52","yellow-lower","52","661","164","35","42","9",""
"stand","yellow-lower-51","yellow-lower","51","696","164","35","42","9",""
"stand","yellow-lower-50","yellow-lower","50","731","164","35","42","9",""
"stand","yellow-lower-49","yellow-lower","49","766","164","69","70","27",""
"stand","yellow-lower-48","yellow-lower","48","835","164","69","35","27",""
"stand","yellow-lower-1","yellow-lower","1","210","234","104","88","",""
"stand","yellow-lower-2","yellow-lower","2","210","322","104","58","",""
"stand","yellow-lower-3","yellow-lower","3","210","380","104","57","",""
"stand","yellow-lower-4","yellow-lower","4","210","437","104","69","",""
"stand","yellow-lower-5","yellow-lower","5","174","506","104","71","54",""
"stand","yellow-lower-6","yellow-lower","6","278","506","36","71","18",""
"stand","yellow-lower-82","yellow-lower","82","350","245","35","35","9",""
"stand","yellow-lower-81","yellow-lower","81","350","280","35","35","9",""
"stand","yellow-lower-80","yellow-lower","80","350","315","35","35","9",""
"stand","yellow-lower-79","yellow-lower","79","350","350","35","35","9",""
"stand","yellow-lower-78","yellow-lower","78","350","385","35","35","9",""
"stand","yellow-lower-77","yellow-lower","77","350","420","35","35","9",""
"stand","yellow-lower-70","yellow-lower","70","385","245","34","35","9",""
"stand","yellow-lower-71","yellow-lower","71","385","280","34","35","9",""
"stand","yellow-lower-72","yellow-lower","72","385","315","34","35","9",""
"stand","yellow-lower-73","yellow-lower","73","385","350","34","35","9",""
"stand","yellow-lower-74","yellow-lower","74","385","385","34","35","9",""
"stand","yellow-lower-75","yellow-lower","75","385","420","34","35","9",""
"stand","yellow-lower-76","yellow-lower","76","350","455","69","51","27",""
"stand","yellow-lower-14","yellow-lower","14","454","234","104","88","67.5",""
"stand","yellow-lower-13","yellow-lower","13","454","322","52","68","27",""
"stand","yellow-lower-15","yellow-lower","15","506","322","52","68","27",""
"stand","yellow-lower-12","yellow-lower","12","454","390","104","82","63",""
"stand","yellow-lower-11","yellow-lower","11","454","472","52","105","40.5",""
"stand","yellow-lower-16","yellow-lower","16","506","472","52","105","40.5",""
"stand","yellow-lower-66","yellow-lower","66","592","245","35","35","9",""
"stand","yellow-lower-65","yellow-lower","65","592","280","35","35","9",""
"stand","yellow-lower-64","yellow-lower","64","592","315","35","35","9",""
"stand","yellow-lower-63","yellow-lower","63","592","350","35","35","9",""
"stand","yellow-lower-62","yellow-lower","62","592","385","35","35","9",""
"stand","yellow-lower-61","yellow-lower","61","592","420","35","35","9",""
"stand","yellow-lower-54","yellow-lower","54","627","245","34","35","9",""
"stand","yellow-lower-55","yellow-lower","55","627","280","34","35","9",""
"stand","yellow-lower-56","yellow-lower","56","627","315","34","35","9",""
"stand","yellow-lower-57","yellow-lower","57","627","350","34","35","9",""
"stand","yellow-lower-58","yellow-lower","58","627","385","34","35","9",""
"stand","yellow-lower-59","yellow-lower","59","627","420","34","35","9",""
"stand","yellow-lower-60","yellow-lower","60","592","455","69","51","27",""
"stand","yellow-lower-28","yellow-lower","28","696","234","70","58","30",""
"stand","yellow-lower-27","yellow-lower","27","696","292","35","35","9",""
"stand","yellow-lower-26","yellow-lower","26","696","327","35","35","9",""
"stand","yellow-lower-25","yellow-lower","25","696","362","35","35","9",""
"stand","yellow-lower-24","yellow-lower","24","696","397","35","35","9",""
"stand","yellow-lower-23","yellow-lower","23","696","432","35","35","9",""
"stand","yellow-lower-22","yellow-lower","22","696","467","35","35","9",""
"stand","yellow-lower-29","yellow-lower","29","731","292","35","35","9",""
"stand","yellow-lower-30","yellow-lower","30","731","327","35","35","9",""
"stand","yellow-lower-31","yellow-lower","31","731","362","35","35","9",""
"stand","yellow-lower-32","yellow-lower","32","731","397","35","35","9",""
"stand","yellow-lower-33","yellow-lower","33","731","432","35","35","9",""
"stand","yellow-lower-34","yellow-lower","34","731","467","35","35","9",""
"stand","yellow-lower-21","yellow-lower","21","696","502","70","75","39",""
"stand","yellow-lower-44","yellow-lower","44","800","234","70","52","27",""
"stand","yellow-lower-43","yellow-lower","43","800","286","70","52","27",""
"stand","yellow-lower-42","yellow-lower","42","800","338","104","70","54",""
"stand","yellow-lower-41","yellow-lower","41","800","408","52","47","19.12",""
"stand","yellow-lower-40","yellow-lower","40","852","408","52","47","19.12",""
"stand","yellow-lower-39","yellow-lower","39","800","455","52","47","19.12",""
"stand","yellow-lower-38","yellow-lower","38","852","455","52","47","19.12",""
"stand","yellow-lower-45","yellow-lower","45","905","228","33","69","18",""
"stand","yellow-lower-7","yellow-lower","7","314","542","35","35","9",""
"stand","yellow-lower-8","yellow-lower","8","349","542","35","35","9",""
"stand","yellow-lower-9","yellow-lower","9","384","542","35","35","9",""
"stand","yellow-lower-10","yellow-lower","10","419","542","35","35","9",""
"stand","yellow-lower-17","yellow-lower","17","558","542","35","35","9",""
"stand","yellow-lower-18","yellow-lower","18","593","542","35","35","9",""
"stand","yellow-lower-19","yellow-lower","19","628","542","34","35","9",""
"stand","yellow-lower-20","yellow-lower","20","662","542","34","35","9",""
"stand","yellow-lower-35","yellow-lower","35","766","542","35","35","",""
"stand","yellow-lower-36","yellow-lower","36","801","542","34","35","",""
"stand","yellow-lower-37","yellow-lower","37","835","542","69","35","",""
"stand","yellow-lower-A1","yellow-lower","A1","38","273","135","63","62",""
"stand","yellow-lower-A2","yellow-lower","A2","37","495","35","70","22",""
"stand","yellow-lower-A3","yellow-lower","A3","139","496","35","35","",""
"stand","yellow-lower-A4","yellow-lower","A4","139","531","35","35","",""
"stand","yellow-lower-A5","yellow-lower","A5","139","566","35","20","",""
"stand","yellow-lower-A6","yellow-lower","A6","36","565","35","64","15.82",""
"stand","yellow-upper-92","yellow-upper","92","226","165","29","30","6.25",""
"stand","yellow-upper-93","yellow-upper","93","255","165","29","30","6.25",""
"stand","yellow-upper-94","yellow-upper","94","284","165","29","30","6.25",""
"stand","yellow-upper-95","yellow-upper","95","313","165","29","30","6.25",""
"stand","yellow-upper-96","yellow-upper","96","342","165","76","64","41.25",""
"stand","yellow-upper-106","yellow-upper","106","430","165","29","30","6.25",""
"stand","yellow-upper-107","yellow-upper","107","459","165","29","30","6.25",""
"stand","yellow-upper-108","yellow-upper","108","488","165","29","30","6.25",""
"stand","yellow-upper-109","yellow-upper","109","555","165","76","64","41.25",""
"stand","yellow-upper-119","yellow-upper","119","644","165","32","30","",""
"stand","yellow-upper-120","yellow-upper","120","676","165","29","30","",""
"stand","yellow-upper-121","yellow-upper","121","705","165","29","30","",""
"stand","yellow-upper-122","yellow-upper","122","734","165","35","30","",""
"stand","yellow-upper-123","yellow-upper","123","769","165","70","64","33",""
"stand","yellow-upper-139","yellow-upper","139","839","165","29","30","",""
"stand","yellow-upper-140","yellow-upper","140","868","165","46","30","",""
"stand","yellow-upper-91","yellow-upper","91","184","229","29","47","",""
"stand","yellow-upper-90","yellow-upper","90","184","276","29","58","",""
"stand","yellow-upper-89","yellow-upper","89","184","334","29","58","",""
"stand","yellow-upper-88","yellow-upper","88","184","392","29","58","",""
"stand","yellow-upper-87","yellow-upper","87","184","450","29","59","",""
"stand","yellow-upper-203","yellow-upper","203","249","229","58","58","",""
"stand","yellow-upper-202","yellow-upper","202","249","287","58","57","",""
"stand","yellow-upper-201","yellow-upper","201","249","344","58","58","",""
"stand","yellow-upper-200","yellow-upper","200","249","402","58","58","",""
"stand","yellow-upper-199","yellow-upper","199","249","460","58","47","",""
"stand","yellow-upper-198","yellow-upper","198","249","507","58","71","",""
"stand","yellow-upper-97","yellow-upper","97","342","229","44","58","18.75",""
"stand","yellow-upper-98","yellow-upper","98","342","287","44","58","18.75",""
"stand","yellow-upper-99","yellow-upper","99","342","345","44","58","18.75",""
"stand","yellow-upper-100","yellow-upper","100","342","403","44","58","18.75",""
"stand","yellow-upper-105","yellow-upper","105","386","229","44","58","18.75",""
"stand","yellow-upper-104","yellow-upper","104","386","287","44","58","18.75",""
"stand","yellow-upper-103","yellow-upper","103","386","345","44","58","18.75",""
"stand","yellow-upper-102","yellow-upper","102","386","403","44","58","18.75",""
"stand","yellow-upper-101","yellow-upper","101","342","461","88","47","30",""
"stand","yellow-upper-184","yellow-upper","184","463","229","58","47","20",""
"stand","yellow-upper-185","yellow-upper","185","463","276","29","29","6.25",""
"stand","yellow-upper-186","yellow-upper","186","463","305","29","29","6.25",""
"stand","yellow-upper-187","yellow-upper","187","463","334","29","29","6.25",""
"stand","yellow-upper-188","yellow-upper","188","463","363","29","29","6.25",""
"stand","yellow-upper-189","yellow-upper","189","463","392","29","29","6.25",""
"stand","yellow-upper-190","yellow-upper","190","463","421","29","29","6.25",""
"stand","yellow-upper-191","yellow-upper","191","463","450","29","29","6.25",""
"stand","yellow-upper-192","yellow-upper","192","463","479","29","29","6.25",""
"stand","yellow-upper-183","yellow-upper","183","492","276","29","29","6.25",""
"stand","yellow-upper-182","yellow-upper","182","492","305","29","29","6.25",""
"stand","yellow-upper-181","yellow-upper","181","492","334","29","29","6.25",""
"stand","yellow-upper-180","yellow-upper","180","492","363","29","29","6.25",""
"stand","yellow-upper-179","yellow-upper","179","492","392","29","29","6.25",""
"stand","yellow-upper-178","yellow-upper","178","492","421","29","29","6.25",""
"stand","yellow-upper-177","yellow-upper","177","492","450","29","29","6.25",""
"stand","yellow-upper-176","yellow-upper","176","492","479","29","29","6.25",""
"stand","yellow-upper-175","yellow-upper","175","463","508","58","61","27.5",""
"stand","yellow-upper-110","yellow-upper","110","555","229","44","58","18.75",""
"stand","yellow-upper-111","yellow-upper","111","555","287","44","58","18.75",""
"stand","yellow-upper-112","yellow-upper","112","555","345","44","58","18.75",""
"stand","yellow-upper-113","yellow-upper","113","555","403","44","58","18.75",""
"stand","yellow-upper-118","yellow-upper","118","599","229","45","58","18.75",""
"stand","yellow-upper-117","yellow-upper","117","599","287","45","58","18.75",""
"stand","yellow-upper-116","yellow-upper","116","599","345","45","58","18.75",""
"stand","yellow-upper-115","yellow-upper","115","599","403","45","58","18.75",""
"stand","yellow-upper-114","yellow-upper","114","555","461","89","47","30",""
"stand","yellow-upper-161","yellow-upper","161","677","229","58","47","20",""
"stand","yellow-upper-162","yellow-upper","162","677","276","29","29","6.25",""
"stand","yellow-upper-163","yellow-upper","163","677","305","29","29","6.25",""
"stand","yellow-upper-164","yellow-upper","164","677","334","29","29","6.25",""
"stand","yellow-upper-165","yellow-upper","165","677","363","29","29","6.25",""
"stand","yellow-upper-166","yellow-upper","166","677","392","29","29","6.25",""
"stand","yellow-upper-167","yellow-upper","167","677","421","29","29","6.25",""
"stand","yellow-upper-168","yellow-upper","168","677","450","29","29","6.25",""
"stand","yellow-upper-169","yellow-upper","169","677","479","29","29","6.25",""
"stand","yellow-upper-160","yellow-upper","160","706","276","29","29","6.25",""
"stand","yellow-upper-159","yellow-upper","159","706","305","29","29","6.25",""
"stand","yellow-upper-158","yellow-upper","158","706","334","29","29","6.25",""
"stand","yellow-upper-157","yellow-upper","157","706","363","29","29","6.25",""
"stand","yellow-upper-156","yellow-upper","156","706","392","29","29","6.25",""
"stand","yellow-upper-155","yellow-upper","155","706","421","29","29","6.25",""
"stand","yellow-upper-154","yellow-upper","154","706","450","29","29","6.25",""
"stand","yellow-upper-153","yellow-upper","153","706","479","29","29","6.25",""
"stand","yellow-upper-152","yellow-upper","152","677","508","58","61","27.5",""
"stand","yellow-upper-124","yellow-upper","124","769","229","35","35","9",""
"stand","yellow-upper-125","yellow-upper","125","769","264","35","35","9",""
"stand","yellow-upper-126","yellow-upper","126","769","299","35","35","9",""
"stand","yellow-upper-127","yellow-upper","127","769","334","35","35","9",""
"stand","yellow-upper-128","yellow-upper","128","769","369","35","35","9",""
"stand","yellow-upper-129","yellow-upper","129","769","404","35","35","9",""
"stand","yellow-upper-130","yellow-upper","130","769","439","35","35","9",""
"stand","yellow-upper-138","yellow-upper","138","804","229","35","35","9",""
"stand","yellow-upper-137","yellow-upper","137","804","264","35","35","9",""
"stand","yellow-upper-136","yellow-upper","136","804","299","35","35","9",""
"stand","yellow-upper-135","yellow-upper","135","804","334","35","35","9",""
"stand","yellow-upper-134","yellow-upper","134","804","369","35","35","9",""
"stand","yellow-upper-133","yellow-upper","133","804","404","35","35","9",""
"stand","yellow-upper-132","yellow-upper","132","804","439","35","35","9",""
"stand","yellow-upper-131","yellow-upper","131","769","474","70","35","18",""
"stand","yellow-upper-143","yellow-upper","143","874","234","41","83","",""
"stand","yellow-upper-144","yellow-upper","144","874","317","41","58","",""
"stand","yellow-upper-145","yellow-upper","145","874","375","41","58","",""
"stand","yellow-upper-146","yellow-upper","146","874","433","41","58","",""
"stand","yellow-upper-147","yellow-upper","147","874","491","41","83","",""
"stand","yellow-upper-141","yellow-upper","141","919","541","29","29","7.5",""
"stand","yellow-upper-205","yellow-upper","205","135","541","57","29","11.88",""
"stand","yellow-upper-204","yellow-upper","204","192","541","57","29","11.88",""
"stand","yellow-upper-197","yellow-upper","197","307","541","35","29","",""
"stand","yellow-upper-196","yellow-upper","196","342","541","29","29","",""
"stand","yellow-upper-195","yellow-upper","195","371","541","29","29","",""
"stand","yellow-upper-194","yellow-upper","194","400","541","29","29","",""
"stand","yellow-upper-193","yellow-upper","193","429","541","34","29","",""
"stand","yellow-upper-174","yellow-upper","174","521","541","34","29","",""
"stand","yellow-upper-173","yellow-upper","173","555","541","29","29","",""
"stand","yellow-upper-172","yellow-upper","172","584","541","29","29","",""
"stand","yellow-upper-171","yellow-upper","171","613","541","29","29","",""
"stand","yellow-upper-170","yellow-upper","170","642","541","35","29","",""
"stand","yellow-upper-151","yellow-upper","151","735","541","34","29","7.5",""
"stand","yellow-upper-150","yellow-upper","150","769","541","35","29","7.5",""
"stand","yellow-upper-149","yellow-upper","149","804","541","35","29","7.5",""
"stand","yellow-upper-148","yellow-upper","148","839","541","35","29","7.5",""
"stand","yellow-upper-P14","yellow-upper","P14","44","184","121","160","125",""
"stand","yellow-upper-P6","yellow-upper","P6","44","344","24","35","6",""
"stand","yellow-upper-P5","yellow-upper","P5","44","379","24","35","6",""
"stand","yellow-upper-P4","yellow-upper","P4","44","414","24","35","6",""
"stand","yellow-upper-P3","yellow-upper","P3","44","449","24","35","6",""
"stand","yellow-upper-P2","yellow-upper","P2","44","484","24","35","6",""
"stand","yellow-upper-P1","yellow-upper","P1","44","519","24","35","6",""
"stand","yellow-upper-P7","yellow-upper","P7","152","362","28","29","6.25",""
"stand","yellow-upper-P8","yellow-upper","P8","152","391","28","29","6.25",""
"stand","yellow-upper-P9","yellow-upper","P9","152","420","28","29","6.25",""
"stand","yellow-upper-P10","yellow-upper","P10","152","449","28","29","6.25",""
"stand","yellow-upper-P11","yellow-upper","P11","152","478","28","29","6.25",""
"stand","yellow-upper-P14-A","yellow-upper","P14-A","950","271","143","242","257.67",""
"stand","yellow-upper-P14-B","yellow-upper","P14-B","950","513","143","43","49.26",""
"stand","yellow-upper-A8","yellow-upper","A8","978","568","57","24","15",""
"stand","green-upper-5","green-upper","5","99","285","84","81","",""
"stand","green-upper-4","green-upper","4","99","366","84","54","",""
"stand","green-upper-3","green-upper","3","99","420","84","55","",""
"stand","green-upper-2","green-upper","2","17","475","84","57","24",""
"stand","green-upper-1","green-upper","1","17","532","84","57","24",""
"stand","green-upper-6","green-upper","6","230","199","42","44","9",""
"stand","green-upper-7","green-upper","7","272","199","42","44","9",""
"stand","green-upper-8","green-upper","8","314","208","82","83","36",""
"stand","green-upper-14","green-upper","14","396","220","28","40","6",""
"stand","green-upper-15","green-upper","15","424","220","28","40","6",""
"stand","green-upper-16","green-upper","16","452","220","28","40","6",""
"stand","green-upper-17","green-upper","17","480","220","28","40","6",""
"stand","green-upper-18","green-upper","18","508","220","28","40","6",""
"stand","green-upper-19","green-upper","19","536","220","28","40","6",""
"stand","green-upper-20","green-upper","20","564","227","39","85","18",""
"stand","green-upper-25","green-upper","25","644","238","42","39","",""
"stand","green-upper-26","green-upper","26","686","238","42","39","",""
"stand","green-upper-27","green-upper","27","728","238","28","39","",""
"stand","green-upper-28","green-upper","28","756","238","51","39","",""
"stand","green-upper-29","green-upper","29","807","249","42","82","18",""
"stand","green-upper-33","green-upper","33","849","249","42","82","18",""
"stand","green-upper-34","green-upper","34","891","261","28","39","6",""
"stand","green-upper-35","green-upper","35","919","261","28","39","6",""
"stand","green-upper-36","green-upper","36","947","261","28","39","6",""
"stand","green-upper-37","green-upper","37","975","261","28","39","6",""
"stand","green-upper-38","green-upper","38","1003","270","95","40","21",""
"stand","green-upper-39","green-upper","39","1057","310","42","30","6",""
"stand","green-upper-40","green-upper","40","1057","340","42","30","6",""
"stand","green-upper-41","green-upper","41","1057","370","42","30","6",""
"stand","green-upper-42","green-upper","42","1057","400","42","30","6",""
"stand","green-upper-43","green-upper","43","1057","430","42","30","6",""
"stand","green-upper-44","green-upper","44","1057","460","42","30","6",""
"stand","green-upper-45","green-upper","45","1057","490","42","84","27",""
"stand","green-upper-67","green-upper","67","230","285","41","41","9",""
"stand","green-upper-68","green-upper","68","230","326","41","41","9",""
"stand","green-upper-69","green-upper","69","230","367","41","41","9",""
"stand","green-upper-70","green-upper","70","230","408","41","41","9",""
"stand","green-upper-9","green-upper","9","314","291","41","41","9",""
"stand","green-upper-13","green-upper","13","355","291","41","41","9",""
"stand","green-upper-10","green-upper","10","314","332","41","42","9",""
"stand","green-upper-12","green-upper","12","355","332","41","42","9",""
"stand","green-upper-11","green-upper","11","314","374","82","34","15",""
"stand","green-upper-79","green-upper","79","438","305","41","61","13.5",""
"stand","green-upper-80","green-upper","80","479","305","41","61","13.5",""
"stand","green-upper-78","green-upper","78","438","366","41","42","9",""
"stand","green-upper-81","green-upper","81","479","366","41","42","9",""
"stand","green-upper-77","green-upper","77","438","408","41","41","9",""
"stand","green-upper-82","green-upper","82","479","408","41","41","9",""
"stand","green-upper-21","green-upper","21","561","312","41","42","9",""
"stand","green-upper-24","green-upper","24","602","312","41","42","9",""
"stand","green-upper-22","green-upper","22","561","354","41","54","12",""
"stand","green-upper-23","green-upper","23","602","354","41","54","12",""
"stand","green-upper-89","green-upper","89","685","327","41","40","9",""
"stand","green-upper-90","green-upper","90","726","327","41","40","9",""
"stand","green-upper-88","green-upper","88","685","367","41","41","9",""
"stand","green-upper-91","green-upper","91","726","367","41","41","9",""
"stand","green-upper-87","green-upper","87","685","408","41","41","9",""
"stand","green-upper-92","green-upper","92","726","408","41","41","9",""
"stand","green-upper-30","green-upper","30","808","331","41","43","9",""
"stand","green-upper-32","green-upper","32","849","331","41","43","9",""
"stand","green-upper-31","green-upper","31","808","374","82","34","15",""
"stand","green-upper-99","green-upper","99","934","347","41","61","13.5",""
"stand","green-upper-100","green-upper","100","975","347","41","61","13.5",""
"stand","green-upper-98","green-upper","98","934","408","41","41","9",""
"stand","green-upper-101","green-upper","101","975","408","41","41","9",""
"stand","green-upper-71","green-upper","71","230","449","41.4","43","9",""
"stand","green-upper-72","green-upper","72","271.4","449","41.4","43","9",""
"stand","green-upper-73","green-upper","73","312.79999999999995","449","41.4","43","9",""
"stand","green-upper-74","green-upper","74","354.19999999999993","449","41.4","43","9",""
"stand","green-upper-75","green-upper","75","395.5999999999999","449","41.4","43","9",""
"stand","green-upper-76","green-upper","76","436.9999999999999","449","41.4","43","9",""
"stand","green-upper-83","green-upper","83","478.39999999999986","449","41.4","43","9",""
"stand","green-upper-84","green-upper","84","520","449","82.5","43","18",""
"stand","green-upper-85","green-upper","85","602.5","449","82.5","43","18",""
"stand","green-upper-86","green-upper","86","685","449","82.5","43","18",""
"stand","green-upper-93","green-upper","93","767.5","449","41.6","43","9",""
"stand","green-upper-94","green-upper","94","809.1","449","41.6","43","9",""
"stand","green-upper-95","green-upper","95","850.7","449","41.6","43","9",""
"stand","green-upper-96","green-upper","96","892.3000000000001","449","41.6","43","9",""
"stand","green-upper-97","green-upper","97","934","449","82","43","18",""
"stand","green-upper-66","green-upper","66","189","533","41.4","41","9",""
"stand","green-upper-65","green-upper","65","230.4","533","41.4","41","9",""
"stand","green-upper-64","green-upper","64","271.8","533","41.4","41","9",""
"stand","green-upper-63","green-upper","63","313.2","533","41.4","41","9",""
"stand","green-upper-62","green-upper","62","354.59999999999997","533","41.4","41","9",""
"stand","green-upper-61","green-upper","61","395.99999999999994","533","41.4","41","9",""
"stand","green-upper-60","green-upper","60","437.3999999999999","533","41.4","41","9",""
"stand","green-upper-59","green-upper","59","478.7999999999999","533","41.4","41","9",""
"stand","green-upper-58","green-upper","58","520.1999999999999","533","41.4","41","9",""
"stand","green-upper-57","green-upper","57","561.5999999999999","533","41.4","41","9",""
"stand","green-upper-56","green-upper","56","602.9999999999999","533","41.4","41","9",""
"stand","green-upper-55","green-upper","55","644.3999999999999","533","41.4","41","9",""
"stand","green-upper-54","green-upper","54","685.7999999999998","533","41.4","41","9",""
"stand","green-upper-53","green-upper","53","727.1999999999998","533","41.4","41","9",""
"stand","green-upper-52","green-upper","52","768.5999999999998","533","41.4","41","9",""
"stand","green-upper-51","green-upper","51","809.9999999999998","533","41.4","41","9",""
"stand","green-upper-50","green-upper","50","851.3999999999997","533","41.4","41","9",""
"stand","green-upper-49","green-upper","49","892.7999999999997","533","41.4","41","9",""
"stand","green-upper-48","green-upper","48","934.2","533","27.3","41","6",""
"stand","green-upper-47","green-upper","47","961.5","533","27.3","41","6",""
"stand","green-upper-46","green-upper","46","988.8","533","27.3","41","6",""
"stand","entrance-1","entrance","1","274","510","76","74","121",""
"stand","entrance-2","entrance","2","375","552","27","46","18",""
"stand","entrance-3","entrance","3","224","470","25","61","21",""
"stand","entrance-4","entrance","4","382","479","34","51","50",""
"stand","entrance-5","entrance","5","224","279","23","59","21",""
"stand","entrance-E1","entrance","E1","364","630","127","63","",""
"stand","entrance-E2","entrance","E2","18","662","114","44","",""
"stand","food-court-G-1","food-court","G-1","77","284","65","65","36",""
"stand","food-court-G-2","food-court","G-2","142","294","64","64","36",""
"stand","food-court-G-5","food-court","G-5","210","209","32","49","15",""
"stand","food-court-G-4","food-court","G-4","210","258","32","55","15",""
"stand","food-court-G-3","food-court","G-3","210","313","32","55","15",""
"stand","food-court-G-6","food-court","G-6","252","213","48","32","15",""
"stand","food-court-G-7","food-court","G-7","393","235","49","33","15",""
"stand","food-court-G-8","food-court","G-8","447","247","32","52","15",""
"stand","food-court-G-9","food-court","G-9","447","299","32","52","15",""
"stand","food-court-G-10","food-court","G-10","447","351","32","52","15",""
"stand","food-court-G-25","food-court","G-25","479","334","131","64","72",""
"stand","food-court-G-23","food-court","G-23","57","406","31","32","9",""
"stand","food-court-G-24","food-court","G-24","447","427","32","32","9",""
"stand","food-court-G-22","food-court","G-22","313","338","52","63","30",""
"stand","food-court-G-21","food-court","G-21","286","539","57","59","30",""
"stand","food-court-G-11","food-court","G-11","447","499","32","32","",""
"stand","food-court-G-12","food-court","G-12","447","531","32","51","",""
"stand","food-court-G-13","food-court","G-13","447","582","32","74","",""
"stand","food-court-G-14","food-court","G-14","427","656","52","33","21",""
"stand","food-court-G-26","food-court","G-26","578","423","31","48","",""
"stand","food-court-G-27","food-court","G-27","578","471","31","43","",""
"stand","food-court-G-28","food-court","G-28","578","514","31","44","",""
"stand","food-court-G-29","food-court","G-29","481","515","31","43","12",""
"stand","food-court-G-20","food-court","G-20","34","507","34","50","15",""
"stand","food-court-G-19","food-court","G-19","107","527","61","32","18",""
"stand","food-court-G-18","food-court","G-18","163","574","36","52","15",""
"stand","food-court-G-17","food-court","G-17","156","657","54","32","15",""
"stand","food-court-G-16","food-court","G-16","210","657","54","32","15",""
"stand","food-court-G-15","food-court","G-15","370","657","56","32","15",""
"poi","red-lower-access","red-lower","Acceso","625","460","","","",""
"poi","red-upper-access","red-upper","Acceso","640","545","","","",""
"poi","yellow-lower-access","yellow-lower","Acceso","188","490","","","",""
"poi","yellow-upper-access","yellow-upper","Acceso","228","521","","","",""
"poi","green-upper-access","green-upper","Acceso","199","511","","","",""
"poi","entrance-access","entrance","Acceso","321","638","","","",""
"poi","food-court-access","food-court","Acceso","311","704","","","",""
"poi","red-lower-toilet-0","red-lower","Banos","708","228","","","",""
"poi","red-upper-toilet-0","red-upper","Banos","727","248","","","",""
"poi","yellow-lower-toilet-0","yellow-lower","Banos","98","244","","","",""
"poi","yellow-lower-toilet-1","yellow-lower","Banos","1010","247","","","",""
"poi","yellow-upper-toilet-0","yellow-upper","Banos","70","239","","","",""
"poi","yellow-upper-toilet-1","yellow-upper","Banos","1021","243","","","",""
"poi","green-upper-toilet-0","green-upper","Banos","89","268","","","",""
"poi","entrance-toilet-0","entrance","Banos","177","290","","","",""
"poi","food-court-toilet-0","food-court","Banos","144","273","","","",""
"poi","food-court-toilet-1","food-court","Banos","551","319","","","",""
"poi","main-stage","entrance","Escenario principal","305","287","","","",""
"poi","info-main","entrance","Informacion (ubicacion demo)","278","611","","","",""
"poi","health-aid","entrance","Primeros auxilios (ubicacion demo)","360","611","","","",""
"poi","exit-entrance","entrance","Salida","348","677","","","",""
"poi","food-tables","food-court","Patio de comidas","320","451","","","",""
"poi","exit-green","green-upper","Salida","62","639","","","",""
